n,version,rep,ms
1e3,scalar,1,0.011164
1e3,scalar,2,0.009701
1e3,scalar,3,0.009031
1e3,scalar,4,0.008042
1e3,scalar,5,0.009034
1e3,scalar,6,0.008466
1e3,scalar,7,0.008548
1e3,scalar,8,0.008099
1e3,scalar,9,0.008125
1e3,scalar,10,0.008069
1e3,scalar,11,0.007706
1e3,scalar,12,0.007660
1e3,scalar,13,0.007697
1e3,scalar,14,0.007667
1e3,scalar,15,0.007716
1e3,scalar,16,0.007674
1e3,scalar,17,0.007720
1e3,scalar,18,0.007591
1e3,scalar,19,0.007605
1e3,scalar,20,0.007746
1e3,scalar,21,0.007303
1e3,scalar,22,0.007636
1e3,scalar,23,0.007386
1e3,scalar,24,0.007379
1e3,scalar,25,0.007299
1e3,scalar,26,0.007286
1e3,scalar,27,0.007279
1e3,scalar,28,0.007274
1e3,scalar,29,0.007306
1e3,scalar,30,0.007339
1e3,vector,1,0.001318
1e3,vector,2,0.001362
1e3,vector,3,0.001355
1e3,vector,4,0.001433
1e3,vector,5,0.001432
1e3,vector,6,0.001393
1e3,vector,7,0.001217
1e3,vector,8,0.001390
1e3,vector,9,0.001354
1e3,vector,10,0.001369
1e3,vector,11,0.001306
1e3,vector,12,0.001313
1e3,vector,13,0.001472
1e3,vector,14,0.001312
1e3,vector,15,0.001182
1e3,vector,16,0.001627
1e3,vector,17,0.001345
1e3,vector,18,0.001376
1e3,vector,19,0.001494
1e3,vector,20,0.001267
1e3,vector,21,0.001316
1e3,vector,22,0.001484
1e3,vector,23,0.001288
1e3,vector,24,0.001331
1e3,vector,25,0.001189
1e3,vector,26,0.001441
1e3,vector,27,0.001432
1e3,vector,28,0.001379
1e3,vector,29,0.001297
1e3,vector,30,0.001362
1e5,scalar,1,0.760574
1e5,scalar,2,0.783089
1e5,scalar,3,0.727102
1e5,scalar,4,0.743760
1e5,scalar,5,0.780168
1e5,scalar,6,0.741119
1e5,scalar,7,0.738309
1e5,scalar,8,0.743923
1e5,scalar,9,0.732169
1e5,scalar,10,0.716195
1e5,scalar,11,0.724934
1e5,scalar,12,0.761132
1e5,scalar,13,0.750143
1e5,scalar,14,0.730470
1e5,scalar,15,0.742776
1e5,scalar,16,0.728263
1e5,scalar,17,0.724472
1e5,scalar,18,0.749382
1e5,scalar,19,0.717336
1e5,scalar,20,0.740524
1e5,scalar,21,0.736032
1e5,scalar,22,0.716633
1e5,scalar,23,0.766682
1e5,scalar,24,0.777463
1e5,scalar,25,0.716185
1e5,scalar,26,0.762839
1e5,scalar,27,0.754061
1e5,scalar,28,0.727111
1e5,scalar,29,0.741471
1e5,scalar,30,0.716467
1e5,vector,1,0.138179
1e5,vector,2,0.120672
1e5,vector,3,0.108815
1e5,vector,4,0.109464
1e5,vector,5,0.110833
1e5,vector,6,0.108029
1e5,vector,7,0.107666
1e5,vector,8,0.118944
1e5,vector,9,0.108759
1e5,vector,10,0.107664
1e5,vector,11,0.102591
1e5,vector,12,0.109280
1e5,vector,13,0.108176
1e5,vector,14,0.107376
1e5,vector,15,0.107821
1e5,vector,16,0.110630
1e5,vector,17,0.111521
1e5,vector,18,0.101931
1e5,vector,19,0.102652
1e5,vector,20,0.106010
1e5,vector,21,0.105017
1e5,vector,22,0.102145
1e5,vector,23,0.106731
1e5,vector,24,0.105522
1e5,vector,25,0.107007
1e5,vector,26,0.109106
1e5,vector,27,0.115309
1e5,vector,28,0.109641
1e5,vector,29,0.108040
1e5,vector,30,0.110413
1e6,scalar,1,7.376191
1e6,scalar,2,7.323481
1e6,scalar,3,7.324597
1e6,scalar,4,7.300911
1e6,scalar,5,7.447316
1e6,scalar,6,7.312613
1e6,scalar,7,7.280869
1e6,scalar,8,7.289469
1e6,scalar,9,7.281917
1e6,scalar,10,7.278917
1e6,scalar,11,7.313779
1e6,scalar,12,7.229698
1e6,scalar,13,7.243141
1e6,scalar,14,7.208035
1e6,scalar,15,7.313408
1e6,scalar,16,7.304562
1e6,scalar,17,7.221423
1e6,scalar,18,7.221473
1e6,scalar,19,7.337886
1e6,scalar,20,7.242051
1e6,scalar,21,7.262248
1e6,scalar,22,7.284340
1e6,scalar,23,7.248943
1e6,scalar,24,7.306828
1e6,scalar,25,7.346723
1e6,scalar,26,7.240121
1e6,scalar,27,7.348364
1e6,scalar,28,7.280304
1e6,scalar,29,7.621413
1e6,scalar,30,7.429969
1e6,vector,1,1.423183
1e6,vector,2,1.403550
1e6,vector,3,1.399696
1e6,vector,4,1.366900
1e6,vector,5,1.429059
1e6,vector,6,1.426091
1e6,vector,7,1.750755
1e6,vector,8,1.348420
1e6,vector,9,1.345269
1e6,vector,10,1.350164
1e6,vector,11,1.334477
1e6,vector,12,1.378913
1e6,vector,13,1.369139
1e6,vector,14,1.447914
1e6,vector,15,1.367292
1e6,vector,16,1.360527
1e6,vector,17,1.344595
1e6,vector,18,1.331876
1e6,vector,19,1.399004
1e6,vector,20,1.374280
1e6,vector,21,1.347689
1e6,vector,22,1.402641
1e6,vector,23,1.330811
1e6,vector,24,1.353549
1e6,vector,25,1.327919
1e6,vector,26,1.319101
1e6,vector,27,1.366440
1e6,vector,28,1.343147
1e6,vector,29,1.377997
1e6,vector,30,1.339431
5e7,scalar,1,250.705729
5e7,scalar,2,250.056976
5e7,scalar,3,250.936450
5e7,scalar,4,249.227564
5e7,scalar,5,249.743251
5e7,scalar,6,254.302411
5e7,scalar,7,256.969540
5e7,scalar,8,278.314986
5e7,scalar,9,256.839383
5e7,scalar,10,257.033751
5e7,scalar,11,251.595539
5e7,scalar,12,249.489620
5e7,scalar,13,252.664852
5e7,scalar,14,251.301345
5e7,scalar,15,250.054291
5e7,scalar,16,250.249474
5e7,scalar,17,249.870192
5e7,scalar,18,251.066620
5e7,scalar,19,249.612555
5e7,scalar,20,249.721231
5e7,scalar,21,251.517725
5e7,scalar,22,249.894752
5e7,scalar,23,249.424798
5e7,scalar,24,250.992205
5e7,scalar,25,250.224011
5e7,scalar,26,249.076595
5e7,scalar,27,250.517976
5e7,scalar,28,250.395912
5e7,scalar,29,252.584256
5e7,scalar,30,250.241622
5e7,vector,1,89.214104
5e7,vector,2,80.907060
5e7,vector,3,85.434515
5e7,vector,4,73.943959
5e7,vector,5,77.726924
5e7,vector,6,82.818350
5e7,vector,7,82.107722
5e7,vector,8,74.489562
5e7,vector,9,83.730083
5e7,vector,10,85.964957
5e7,vector,11,88.026503
5e7,vector,12,76.741266
5e7,vector,13,77.408993
5e7,vector,14,77.037219
5e7,vector,15,76.514265
5e7,vector,16,75.868158
5e7,vector,17,76.428815
5e7,vector,18,80.660102
5e7,vector,19,75.775711
5e7,vector,20,78.090654
5e7,vector,21,77.800577
5e7,vector,22,79.348728
5e7,vector,23,77.273334
5e7,vector,24,76.481971
5e7,vector,25,80.763067
5e7,vector,26,74.990206
5e7,vector,27,77.472973
5e7,vector,28,78.635768
5e7,vector,29,78.113564
5e7,vector,30,79.399347
